{"woo_auto_img":"false","woo_background_color":"","woo_body_attachment":"fixed","woo_body_img":"","woo_body_pos":"top left","woo_body_repeat":"no-repeat","woo_breadcrumbs_show":"true","woo_comments":"post","woo_connect":"false","woo_connect_content":"","woo_connect_delicious":"","woo_connect_facebook":"","woo_connect_flickr":"","woo_connect_googleplus":"","woo_connect_linkedin":"","woo_connect_mailchimp_list_url":"","woo_connect_newsletter_id":"","woo_connect_related":"true","woo_connect_rss":"true","woo_connect_title":"","woo_connect_twitter":"","woo_connect_youtube":"","woo_contactform_email":"","woo_container_shadow":"0.2","woo_custom_css":"","woo_custom_favicon":"","woo_exclude_cats_blog":"","woo_exclude_cats_home":"","woo_featured_product_limit":"8","woo_featured_product_style":"slider","woo_feed_url":"","woo_font_body":"a:5:{s:4:\"size\";s:2:\"15\";s:4:\"unit\";s:2:\"px\";s:4:\"face\";s:5:\"Cabin\";s:5:\"style\";s:6:\"normal\";s:5:\"color\";s:0:\"\";}","woo_font_nav":"a:5:{s:4:\"size\";s:2:\"16\";s:4:\"unit\";s:2:\"px\";s:4:\"face\";s:5:\"Cabin\";s:5:\"style\";s:6:\"normal\";s:5:\"color\";s:0:\"\";}","woo_font_post_entry":"a:5:{s:4:\"size\";s:2:\"14\";s:4:\"unit\";s:2:\"px\";s:4:\"face\";s:5:\"Cabin\";s:5:\"style\";s:6:\"normal\";s:5:\"color\";s:0:\"\";}","woo_font_post_meta":"a:5:{s:4:\"size\";s:2:\"12\";s:4:\"unit\";s:2:\"px\";s:4:\"face\";s:5:\"Cabin\";s:5:\"style\";s:6:\"normal\";s:5:\"color\";s:7:\"#999999\";}","woo_font_post_title":"a:5:{s:4:\"size\";s:2:\"24\";s:4:\"unit\";s:2:\"px\";s:4:\"face\";s:5:\"Cabin\";s:5:\"style\";s:6:\"normal\";s:5:\"color\";s:0:\"\";}","woo_font_widget_titles":"a:5:{s:4:\"size\";s:2:\"16\";s:4:\"unit\";s:2:\"px\";s:4:\"face\";s:5:\"Cabin\";s:5:\"style\";s:6:\"normal\";s:5:\"color\";s:0:\"\";}","woo_footer_aff_link":"","woo_footer_left":"false","woo_footer_left_text":"","woo_footer_right":"false","woo_footer_right_text":"","woo_footer_sidebars":"3","woo_google_analytics":"","woo_header_search_scope":"products","woo_homepage_content":"true","woo_link_color":"","woo_link_hover_color":"","woo_logo":"","woo_menu_opacity":"1","woo_pagination_type":"paginated_links","woo_pis_hard_crop":"true","woo_pis_resize":"true","woo_post_author":"true","woo_post_content":"excerpt","woo_post_image_support":"true","woo_resize":"false","woo_rss_thumb":"false","woo_single_h":"200","woo_single_w":"200","woo_site_layout":"layout-left-content","woo_subscribe_email":"","woo_tagline":"false","woo_texttitle":"true","woo_thumb_align":"alignleft","woo_thumb_h":"100","woo_thumb_single":"false","woo_thumb_single_align":"alignright","woo_thumb_w":"100","woo_typography":"false","woo_wpthumb_notice":"","woothemes-backup-validator":"2013-09-17 07:26:43"}